INSERT INTO client(id, species, name, dateofbirth)
VALUES
(101, 'dog', 'Krypto', '2022-10-14'),
(102, 'dog', 'Tycho', '2023-02-01'),
(103, 'dog', 'Gustavo', '2017-09-10'),
(104, 'dog', 'Vivi', '2010-06-23'),


(201, 'cat', 'Io', '2010-07-01'),
(202, 'cat', 'Ella', '2022-11-29'),
(203, 'cat', 'Pepper', '2023-01-18'),
(204, 'cat', 'Nico', '2023-02-10'),
(205, 'cat', 'Mittens', '2017-01-01');


INSERT INTO clientneed(clientid, needid)
VALUES
(101, 2),
(104, 1),
(201, 1),
(201, 2),
(203, 3);


INSERT INTO vaccination(id, clientid, vaccineid, date)
VALUES
( 1, 201, 1001, '2010-07-30'),
( 2, 104,    1, '2010-08-01'),
( 3, 104,    2, '2010-08-01'),
( 4, 201, 1001, '2010-08-12'),
( 5, 201, 1002, '2010-08-28'),
( 6, 201, 1001, '2010-08-28'),
( 7, 104,    3, '2010-09-04'),
( 8, 201, 1001, '2010-09-09'),
( 9, 201, 1002, '2010-09-16'),
(10, 201, 1003, '2010-09-23'),
(11, 201, 1001, '2010-09-23'),
(12, 201, 1001, '2010-10-06'),
(13, 104,    4, '2010-10-14'),
(14, 104,    3, '2010-10-14'),
(15, 201, 1001, '2010-10-21'),
(16, 104,    3, '2011-06-23'),
(17, 104,    4, '2011-06-23'),
(18, 201, 1003, '2011-07-01'),
(19, 205, 1001, '2017-02-01'),
(20, 205, 1001, '2017-02-13'),
(21, 205, 1001, '2017-02-27'),
(22, 205, 1002, '2017-02-27'),
(23, 205, 1001, '2017-03-12'),
(24, 205, 1002, '2017-03-19'),
(25, 205, 1001, '2017-03-26'),
(26, 205, 1003, '2017-03-26'),
(27, 205, 1001, '2017-04-08'),
(28, 205, 1001, '2017-04-23'),
(29, 103,    2, '2017-10-24'),
(30, 103,    1, '2017-10-24'),
(31, 103,    3, '2017-11-19'),
(32, 103,    3, '2018-01-02'),
(33, 103,    4, '2018-01-02'),
(34, 205, 1003, '2018-01-02'),
(35, 103,    4, '2018-09-10'),
(36, 103,    3, '2018-09-10'),
(37, 101,    1, '2022-11-25'),
(38, 101,    2, '2022-11-25'),
(39, 101,    3, '2022-12-20'),
(40, 202, 1001, '2022-12-27'),
(41, 202, 1001, '2023-01-10'),
(42, 202, 1001, '2023-01-26'),
(43, 202, 1002, '2023-01-26'),
(44, 101,    4, '2023-02-02'),
(45, 101,    3, '2023-02-02'),
(46, 202, 1001, '2023-02-07');
